{
	"users": [
		{
			"name": "user001"
		},
		{
			"name": "user002"
		},
		{
			"name": "user003"
		},
		{
			"name": "user004"
		},
		{
			"name": "user005"
		},
		{
			"name": "user006"
		},
		{
			"name": "user007"
		},
		{
			"name": "user008"
		}
	],
	"servers": [
		{
			"name": "server1.domain.local"
		},
		{
			"name": "server2.domain.local"
		},
		{
			"name": "server3.domain.local"
		},
		{
			"name": "server4.domain.local"
		},
		{
			"name": "server5.domain.local"
		},
		{
			"name": "server6.domain.local"
		},
		{
			"name": "server7.domain.local"
		}
	],
	"named-user-allocations": {
		"10000": [
			"user001",
			"user003",
			"user004",
			"user005"
		],
		"10001": [
			"user007",
			"user003",
			"user004",
			"user005"
		],
		"10002": [
			"user006",
			"user003",
			"user004",
			"user005"
		]
	},
	"named-server-allocations": {
		"20000": [
			"server1.domain.local",
			"server6.domain.local"
		],
		"20001": [
			"server2.domain.local",
			"server6.domain.local"
		],
		"20002": [
			"server7.domain.local",
			"server6.domain.local"
		]
	}
}